-- phpMyAdmin SQL Dump
-- version 4.9.0.1
-- https://www.phpmyadmin.net/
--
-- Servidor: localhost
-- Tiempo de generación: 06-08-2019 a las 01:32:03
-- Versión del servidor: 5.7.17-log
-- Versión de PHP: 7.3.7

SET SQL_MODE = "NO_AUTO_VALUE_ON_ZERO";
SET AUTOCOMMIT = 0;
START TRANSACTION;
SET time_zone = "+00:00";


/*!40101 SET @OLD_CHARACTER_SET_CLIENT=@@CHARACTER_SET_CLIENT */;
/*!40101 SET @OLD_CHARACTER_SET_RESULTS=@@CHARACTER_SET_RESULTS */;
/*!40101 SET @OLD_COLLATION_CONNECTION=@@COLLATION_CONNECTION */;
/*!40101 SET NAMES utf8mb4 */;

--
-- Base de datos: `inventory`
--

-- --------------------------------------------------------

--
-- Estructura de tabla para la tabla `entradas`
--

CREATE TABLE `entradas` (
  `id` int(10) UNSIGNED NOT NULL,
  `provedor` varchar(191) COLLATE utf8mb4_unicode_ci NOT NULL,
  `cantidad` int(11) NOT NULL,
  `descripcion` text COLLATE utf8mb4_unicode_ci NOT NULL,
  `producto_id` int(10) UNSIGNED NOT NULL,
  `created_at` timestamp NULL DEFAULT NULL
) ENGINE=InnoDB DEFAULT CHARSET=utf8mb4 COLLATE=utf8mb4_unicode_ci;

--
-- Volcado de datos para la tabla `entradas`
--

INSERT INTO `entradas` (`id`, `provedor`, `cantidad`, `descripcion`, `producto_id`, `created_at`) VALUES
(20, 'Sony', 100, '', 9, '2019-08-06 00:28:17'),
(21, 'Sony', 60, '', 10, '2019-08-06 00:28:38'),
(22, 'Sony', 60, '', 12, '2019-08-06 00:49:15'),
(23, 'Konami', 90, '', 11, '2019-08-06 00:49:29');

-- --------------------------------------------------------

--
-- Estructura de tabla para la tabla `niveles`
--

CREATE TABLE `niveles` (
  `id` int(10) UNSIGNED NOT NULL,
  `numero` int(11) NOT NULL,
  `created_at` timestamp NULL DEFAULT NULL,
  `updated_at` timestamp NULL DEFAULT NULL
) ENGINE=InnoDB DEFAULT CHARSET=utf8mb4 COLLATE=utf8mb4_unicode_ci;

--
-- Volcado de datos para la tabla `niveles`
--

INSERT INTO `niveles` (`id`, `numero`, `created_at`, `updated_at`) VALUES
(1, 1, NULL, NULL),
(2, 2, NULL, NULL),
(3, 3, '2019-01-10 18:27:14', '2019-01-10 18:27:14'),
(5, 5, '2019-01-10 18:29:55', '2019-01-10 18:30:05');

-- --------------------------------------------------------

--
-- Estructura de tabla para la tabla `pasillos`
--

CREATE TABLE `pasillos` (
  `id` int(10) UNSIGNED NOT NULL,
  `nombre` varchar(191) COLLATE utf8mb4_unicode_ci NOT NULL,
  `created_at` timestamp NULL DEFAULT NULL,
  `updated_at` timestamp NULL DEFAULT NULL
) ENGINE=InnoDB DEFAULT CHARSET=utf8mb4 COLLATE=utf8mb4_unicode_ci;

--
-- Volcado de datos para la tabla `pasillos`
--

INSERT INTO `pasillos` (`id`, `nombre`, `created_at`, `updated_at`) VALUES
(1, 'A', NULL, NULL),
(2, 'B', NULL, NULL);

-- --------------------------------------------------------

--
-- Estructura de tabla para la tabla `productos`
--

CREATE TABLE `productos` (
  `id` int(10) UNSIGNED NOT NULL,
  `nombre` varchar(191) COLLATE utf8mb4_unicode_ci NOT NULL,
  `codigo` varchar(191) COLLATE utf8mb4_unicode_ci NOT NULL,
  `cantidad` int(11) NOT NULL DEFAULT '0',
  `pasillo` varchar(191) COLLATE utf8mb4_unicode_ci NOT NULL,
  `rack` varchar(191) COLLATE utf8mb4_unicode_ci NOT NULL,
  `nivel` int(11) NOT NULL,
  `descripcion` text COLLATE utf8mb4_unicode_ci NOT NULL,
  `created_at` timestamp NULL DEFAULT NULL
) ENGINE=InnoDB DEFAULT CHARSET=utf8mb4 COLLATE=utf8mb4_unicode_ci;

--
-- Volcado de datos para la tabla `productos`
--

INSERT INTO `productos` (`id`, `nombre`, `codigo`, `cantidad`, `pasillo`, `rack`, `nivel`, `descripcion`, `created_at`) VALUES
(9, 'Jugo', '001', 0, '1', '1', 1, 'Juguito', NULL),
(10, 'Tostadas', '002', 0, '2', '2', 2, 'Tostadas', NULL),
(11, 'Ggg', 'Ccc', 0, 'Ff', 'Gg', 0, 'Fff', NULL),
(12, 'Gggjj', 'Grtty', 0, 'Gggh', 'Ghjj', 0, 'Cvj', NULL);

-- --------------------------------------------------------

--
-- Estructura de tabla para la tabla `provedores`
--

CREATE TABLE `provedores` (
  `id` int(10) UNSIGNED NOT NULL,
  `nombre` varchar(191) COLLATE utf8mb4_unicode_ci NOT NULL,
  `created_at` timestamp NULL DEFAULT NULL,
  `updated_at` timestamp NULL DEFAULT NULL
) ENGINE=InnoDB DEFAULT CHARSET=utf8mb4 COLLATE=utf8mb4_unicode_ci;

--
-- Volcado de datos para la tabla `provedores`
--

INSERT INTO `provedores` (`id`, `nombre`, `created_at`, `updated_at`) VALUES
(1, 'Sony', '2019-01-06 20:54:46', '2019-01-06 20:54:46'),
(2, 'Konami', '2019-01-06 20:54:51', '2019-01-10 20:14:06');

-- --------------------------------------------------------

--
-- Estructura de tabla para la tabla `racks`
--

CREATE TABLE `racks` (
  `id` int(10) UNSIGNED NOT NULL,
  `nombre` varchar(191) COLLATE utf8mb4_unicode_ci NOT NULL,
  `created_at` timestamp NULL DEFAULT NULL,
  `updated_at` timestamp NULL DEFAULT NULL
) ENGINE=InnoDB DEFAULT CHARSET=utf8mb4 COLLATE=utf8mb4_unicode_ci;

--
-- Volcado de datos para la tabla `racks`
--

INSERT INTO `racks` (`id`, `nombre`, `created_at`, `updated_at`) VALUES
(1, 'A', '2019-01-06 20:54:14', '2019-01-06 20:54:14'),
(2, 'B', '2019-01-06 20:54:18', '2019-01-06 20:54:18'),
(3, 'C', '2019-01-06 20:54:22', '2019-01-06 20:54:22'),
(4, 'S', '2019-01-10 20:20:54', '2019-01-10 20:23:31');

-- --------------------------------------------------------

--
-- Estructura de tabla para la tabla `salidas`
--

CREATE TABLE `salidas` (
  `id` int(10) UNSIGNED NOT NULL,
  `cantidad` int(11) NOT NULL,
  `producto_id` int(10) UNSIGNED NOT NULL,
  `entrada_id` int(10) UNSIGNED DEFAULT NULL,
  `created_at` timestamp NULL DEFAULT NULL
) ENGINE=InnoDB DEFAULT CHARSET=utf8mb4 COLLATE=utf8mb4_unicode_ci;

--
-- Volcado de datos para la tabla `salidas`
--

INSERT INTO `salidas` (`id`, `cantidad`, `producto_id`, `entrada_id`, `created_at`) VALUES
(30, 20, 9, NULL, '2019-08-06 00:29:02'),
(31, 10, 10, NULL, '2019-08-06 00:29:37'),
(32, 30, 10, NULL, '2019-08-06 00:46:35'),
(33, 25, 12, NULL, '2019-08-06 00:50:00'),
(34, 30, 11, NULL, '2019-08-06 00:50:12');

-- --------------------------------------------------------

--
-- Estructura de tabla para la tabla `users`
--

CREATE TABLE `users` (
  `id` int(10) UNSIGNED NOT NULL,
  `role` varchar(191) COLLATE utf8mb4_unicode_ci NOT NULL,
  `name` varchar(191) COLLATE utf8mb4_unicode_ci NOT NULL,
  `email` varchar(191) COLLATE utf8mb4_unicode_ci NOT NULL,
  `password` varchar(200) COLLATE utf8mb4_unicode_ci NOT NULL
) ENGINE=InnoDB DEFAULT CHARSET=utf8mb4 COLLATE=utf8mb4_unicode_ci;

--
-- Volcado de datos para la tabla `users`
--

INSERT INTO `users` (`id`, `role`, `name`, `email`, `password`) VALUES
(1, 'admin', 'Felipe Ornelas', 'felipe.ornelas9@live.com.mx', '$2y$10$P81g2S1QztD70uCJ5.A8N.px1nkbB18jzbneKpdG7YgNMRAb.a.p.'),
(9, 'admin', 'Tester', 'admin@admin.com', '$2y$10$LyGO8XcjuA/XEKVK7ouvCeL0uKPp52bgQKnyR7rrdk5CbaVR3Y9j.'),
(10, 'operador', 'Operator', 'op@op.com', '$2y$10$JCl/ZjUBaRbgXi7bgduDZ..CXmZTR7P0A1SReRqaB.2aSV8SqmEYK'),
(12, 'invitado', 'Guest', 'g@g.com', '$2y$10$6xUPxjU/BIQ7oGTqCE3ZvOcEZ1snW/Uxleh6HNHG3Cxd3s9E87rZG'),
(13, 'invitado', 'Raul Herrera', 'rauldavid45@outlook.com', '$2y$10$bWQzwHm.C8UlxFPtCBb9I.PHGxJIIxAKd0FXDOYiy88L2iX.DWhdK'),
(14, 'invitado', 'Test', 'uwu@uwu.com', '$2y$10$Le3BbLcUD60ialHBnsiU9ea1ajVKOjJ7p.37FpAR48oE2pK2SROqu');

-- --------------------------------------------------------

--
-- Estructura de tabla para la tabla `volatile`
--

CREATE TABLE `volatile` (
  `id` int(11) NOT NULL,
  `temporal` varchar(2555) NOT NULL
) ENGINE=InnoDB DEFAULT CHARSET=utf8;

--
-- Índices para tablas volcadas
--

--
-- Indices de la tabla `entradas`
--
ALTER TABLE `entradas`
  ADD PRIMARY KEY (`id`),
  ADD KEY `entradas_producto_id_foreign` (`producto_id`);

--
-- Indices de la tabla `niveles`
--
ALTER TABLE `niveles`
  ADD PRIMARY KEY (`id`);

--
-- Indices de la tabla `pasillos`
--
ALTER TABLE `pasillos`
  ADD PRIMARY KEY (`id`);

--
-- Indices de la tabla `productos`
--
ALTER TABLE `productos`
  ADD PRIMARY KEY (`id`);

--
-- Indices de la tabla `provedores`
--
ALTER TABLE `provedores`
  ADD PRIMARY KEY (`id`);

--
-- Indices de la tabla `racks`
--
ALTER TABLE `racks`
  ADD PRIMARY KEY (`id`);

--
-- Indices de la tabla `salidas`
--
ALTER TABLE `salidas`
  ADD PRIMARY KEY (`id`),
  ADD KEY `salidas_entrada_id_foreign` (`entrada_id`),
  ADD KEY `salidas_producto_id_foreign` (`producto_id`);

--
-- Indices de la tabla `users`
--
ALTER TABLE `users`
  ADD PRIMARY KEY (`id`),
  ADD UNIQUE KEY `users_email_unique` (`email`);

--
-- Indices de la tabla `volatile`
--
ALTER TABLE `volatile`
  ADD PRIMARY KEY (`id`);

--
-- AUTO_INCREMENT de las tablas volcadas
--

--
-- AUTO_INCREMENT de la tabla `entradas`
--
ALTER TABLE `entradas`
  MODIFY `id` int(10) UNSIGNED NOT NULL AUTO_INCREMENT, AUTO_INCREMENT=24;

--
-- AUTO_INCREMENT de la tabla `niveles`
--
ALTER TABLE `niveles`
  MODIFY `id` int(10) UNSIGNED NOT NULL AUTO_INCREMENT, AUTO_INCREMENT=6;

--
-- AUTO_INCREMENT de la tabla `pasillos`
--
ALTER TABLE `pasillos`
  MODIFY `id` int(10) UNSIGNED NOT NULL AUTO_INCREMENT, AUTO_INCREMENT=3;

--
-- AUTO_INCREMENT de la tabla `productos`
--
ALTER TABLE `productos`
  MODIFY `id` int(10) UNSIGNED NOT NULL AUTO_INCREMENT, AUTO_INCREMENT=13;

--
-- AUTO_INCREMENT de la tabla `provedores`
--
ALTER TABLE `provedores`
  MODIFY `id` int(10) UNSIGNED NOT NULL AUTO_INCREMENT, AUTO_INCREMENT=5;

--
-- AUTO_INCREMENT de la tabla `racks`
--
ALTER TABLE `racks`
  MODIFY `id` int(10) UNSIGNED NOT NULL AUTO_INCREMENT, AUTO_INCREMENT=5;

--
-- AUTO_INCREMENT de la tabla `salidas`
--
ALTER TABLE `salidas`
  MODIFY `id` int(10) UNSIGNED NOT NULL AUTO_INCREMENT, AUTO_INCREMENT=35;

--
-- AUTO_INCREMENT de la tabla `users`
--
ALTER TABLE `users`
  MODIFY `id` int(10) UNSIGNED NOT NULL AUTO_INCREMENT, AUTO_INCREMENT=15;

--
-- AUTO_INCREMENT de la tabla `volatile`
--
ALTER TABLE `volatile`
  MODIFY `id` int(11) NOT NULL AUTO_INCREMENT;

--
-- Restricciones para tablas volcadas
--

--
-- Filtros para la tabla `entradas`
--
ALTER TABLE `entradas`
  ADD CONSTRAINT `entradas_producto_id_foreign` FOREIGN KEY (`producto_id`) REFERENCES `productos` (`id`) ON DELETE CASCADE;

--
-- Filtros para la tabla `salidas`
--
ALTER TABLE `salidas`
  ADD CONSTRAINT `salidas_entrada_id_foreign` FOREIGN KEY (`entrada_id`) REFERENCES `entradas` (`id`) ON DELETE CASCADE,
  ADD CONSTRAINT `salidas_producto_id_foreign` FOREIGN KEY (`producto_id`) REFERENCES `productos` (`id`) ON DELETE CASCADE;
COMMIT;

/*!40101 SET CHARACTER_SET_CLIENT=@OLD_CHARACTER_SET_CLIENT */;
/*!40101 SET CHARACTER_SET_RESULTS=@OLD_CHARACTER_SET_RESULTS */;
/*!40101 SET COLLATION_CONNECTION=@OLD_COLLATION_CONNECTION */;
